{"cameraMode":{"drawMode":0,"name":"Shaded","section":"Shading Mode"},"sceneLighting":false,"audioPlay":false,"sceneViewState":{"showFog":true,"showMaterialUpdate":false,"showSkybox":false,"showFlares":true,"showImageEffects":true,"showParticleSystems":true},"in2DMode":false,"pivot":{"x":-0.03800729662179947,"y":-0.031216762959957124,"z":-0.009593851864337922},"rotation":{"x":-0.06452435255050659,"y":-0.9322433471679688,"z":0.2886931002140045,"w":-0.208363339304924},"size":0.2960129380226135,"orthographic":false}