{"cameraMode":{"drawMode":0,"name":"Shaded","section":"Shading Mode"},"sceneLighting":false,"audioPlay":false,"sceneViewState":{"showFog":true,"showMaterialUpdate":false,"showSkybox":false,"showFlares":true,"showImageEffects":true,"showParticleSystems":true},"in2DMode":false,"pivot":{"x":0.6804585456848145,"y":2.3988261222839357,"z":0.33815622329711916},"rotation":{"x":-0.08021644502878189,"y":0.7707942128181458,"z":-0.09905479848384857,"w":-0.6242033243179321},"size":10.202903747558594,"orthographic":false}