{"cameraMode":{"drawMode":0,"name":"Shaded","section":"Shading Mode"},"sceneLighting":true,"audioPlay":false,"sceneViewState":{"showFog":true,"showMaterialUpdate":false,"showSkybox":false,"showFlares":true,"showImageEffects":true,"showParticleSystems":true},"in2DMode":false,"pivot":{"x":-3.6470212936401369,"y":22.760723114013673,"z":1.8266191482543946},"rotation":{"x":0.0800158679485321,"y":0.001495142700150609,"z":-0.0001200251208501868,"w":0.9967924356460571},"size":117.80398559570313,"orthographic":true}