{"cameraMode":{"drawMode":0,"name":"Shaded","section":"Shading Mode"},"sceneLighting":false,"audioPlay":false,"sceneViewState":{"showFog":true,"showMaterialUpdate":false,"showSkybox":false,"showFlares":true,"showImageEffects":true,"showParticleSystems":true},"in2DMode":false,"pivot":{"x":-0.008076297119259835,"y":0.001824546605348587,"z":-0.0264507457613945},"rotation":{"x":0.12360088527202606,"y":0.8759927749633789,"z":-0.3436102867126465,"w":0.3151054084300995},"size":4.421514987945557,"orthographic":false}