{"cameraMode":{"drawMode":0,"name":"Shaded","section":"Shading Mode"},"sceneLighting":false,"audioPlay":false,"sceneViewState":{"showFog":true,"showMaterialUpdate":false,"showSkybox":false,"showFlares":true,"showImageEffects":true,"showParticleSystems":true},"in2DMode":false,"pivot":{"x":-0.008076297119259835,"y":0.001824546605348587,"z":-0.0264507457613945},"rotation":{"x":-0.0032945405691862108,"y":-0.9781548976898193,"z":0.2072693109512329,"w":-0.015547435730695725},"size":1.4215152263641358,"orthographic":false}