{"cameraMode":{"drawMode":0,"name":"Shaded","section":"Shading Mode"},"sceneLighting":false,"audioPlay":false,"sceneViewState":{"showFog":true,"showMaterialUpdate":false,"showSkybox":false,"showFlares":true,"showImageEffects":true,"showParticleSystems":true},"in2DMode":false,"pivot":{"x":-4.587323188781738,"y":15.385969161987305,"z":2.4329967498779299},"rotation":{"x":-0.3544696867465973,"y":0.015427574515342713,"z":0.0058492617681622509,"w":0.9349219799041748},"size":4.99088716506958,"orthographic":true}