{"cameraMode":{"drawMode":0,"name":"Shaded","section":"Shading Mode"},"sceneLighting":false,"audioPlay":false,"sceneViewState":{"showFog":true,"showMaterialUpdate":false,"showSkybox":false,"showFlares":true,"showImageEffects":true,"showParticleSystems":true},"in2DMode":false,"pivot":{"x":-4.630486965179443,"y":15.642131805419922,"z":2.4329967498779299},"rotation":{"x":0.0800158679485321,"y":0.001495142700150609,"z":-0.0001200251208501868,"w":0.9967924356460571},"size":1.4781326055526734,"orthographic":true}