{"cameraMode":{"drawMode":0,"name":"Shaded","section":"Shading Mode"},"sceneLighting":false,"audioPlay":false,"sceneViewState":{"showFog":true,"showMaterialUpdate":false,"showSkybox":false,"showFlares":true,"showImageEffects":true,"showParticleSystems":true},"in2DMode":false,"pivot":{"x":-9.753293991088868,"y":16.515174865722658,"z":2.4329960346221926},"rotation":{"x":0.0800158679485321,"y":0.001495142700150609,"z":-0.0001200251208501868,"w":0.9967924356460571},"size":25.96744728088379,"orthographic":true}