{"cameraMode":{"drawMode":0,"name":"Shaded","section":"Shading Mode"},"sceneLighting":true,"audioPlay":false,"sceneViewState":{"showFog":true,"showMaterialUpdate":false,"showSkybox":true,"showFlares":true,"showImageEffects":true,"showParticleSystems":true},"in2DMode":false,"pivot":{"x":0.0,"y":3.7702250480651857,"z":-5.332516193389893},"rotation":{"x":-0.10569915920495987,"y":-0.002983521204441786,"z":-0.0003224196843802929,"w":0.9943936467170715},"size":19.05255889892578,"orthographic":true}