{"cameraMode":{"drawMode":0,"name":"Shaded","section":"Shading Mode"},"sceneLighting":false,"audioPlay":false,"sceneViewState":{"showFog":true,"showMaterialUpdate":false,"showSkybox":false,"showFlares":true,"showImageEffects":true,"showParticleSystems":true},"in2DMode":false,"pivot":{"x":-3.6266298294067385,"y":17.20909881591797,"z":2.5229172706604006},"rotation":{"x":0.0800158679485321,"y":0.001495142700150609,"z":-0.0001200251208501868,"w":0.9967924356460571},"size":20.035335540771486,"orthographic":true}