{"cameraMode":{"drawMode":0,"name":"Shaded","section":"Shading Mode"},"sceneLighting":false,"audioPlay":false,"sceneViewState":{"showFog":true,"showMaterialUpdate":false,"showSkybox":false,"showFlares":true,"showImageEffects":true,"showParticleSystems":true},"in2DMode":false,"pivot":{"x":-4.566933631896973,"y":17.41399383544922,"z":2.997330665588379},"rotation":{"x":-0.3544696867465973,"y":0.015427574515342713,"z":0.0058492617681622509,"w":0.9349219799041748},"size":10.168087005615235,"orthographic":true}