{"cameraMode":{"drawMode":0,"name":"Shaded","section":"Shading Mode"},"sceneLighting":true,"audioPlay":false,"sceneViewState":{"showFog":true,"showMaterialUpdate":false,"showSkybox":true,"showFlares":true,"showImageEffects":true,"showParticleSystems":true},"in2DMode":false,"pivot":{"x":-31.900001525878908,"y":-10.596030235290528,"z":2.4071028232574465},"rotation":{"x":0.2011120617389679,"y":-0.0543399341404438,"z":0.011174670420587063,"w":0.9779960513114929},"size":102.95066833496094,"orthographic":false}