{"cameraMode":{"drawMode":0,"name":"Shaded","section":"Shading Mode"},"sceneLighting":false,"audioPlay":false,"sceneViewState":{"showFog":true,"showMaterialUpdate":false,"showSkybox":false,"showFlares":true,"showImageEffects":true,"showParticleSystems":true},"in2DMode":false,"pivot":{"x":-0.004711326211690903,"y":-0.031216762959957124,"z":0.009154031984508038},"rotation":{"x":0.015982678160071374,"y":0.9800747036933899,"z":-0.1771385669708252,"w":0.08843199163675308},"size":3.2322747707366945,"orthographic":false}