{"cameraMode":{"drawMode":0,"name":"Shaded","section":"Shading Mode"},"sceneLighting":true,"audioPlay":false,"sceneViewState":{"showFog":true,"showMaterialUpdate":false,"showSkybox":true,"showFlares":true,"showImageEffects":true,"showParticleSystems":true},"in2DMode":false,"pivot":{"x":-0.7639853954315186,"y":3.6901464462280275,"z":-13.66796875},"rotation":{"x":0.11365366727113724,"y":0.44478267431259158,"z":-0.05701921880245209,"w":0.8865664601325989},"size":50.718482971191409,"orthographic":true}