{"cameraMode":{"drawMode":0,"name":"Shaded","section":"Shading Mode"},"sceneLighting":false,"audioPlay":false,"sceneViewState":{"showFog":true,"showMaterialUpdate":false,"showSkybox":false,"showFlares":true,"showImageEffects":true,"showParticleSystems":true},"in2DMode":false,"pivot":{"x":-4.588512420654297,"y":15.72310733795166,"z":3.0434746742248537},"rotation":{"x":-0.3544696867465973,"y":0.015427574515342713,"z":0.0058492617681622509,"w":0.9349219799041748},"size":5.782260894775391,"orthographic":true}