{"cameraMode":{"drawMode":0,"name":"Shaded","section":"Shading Mode"},"sceneLighting":true,"audioPlay":false,"sceneViewState":{"showFog":true,"showMaterialUpdate":false,"showSkybox":true,"showFlares":true,"showImageEffects":true,"showParticleSystems":true},"in2DMode":false,"pivot":{"x":-3.76396107673645,"y":15.134992599487305,"z":3.4842841625213625},"rotation":{"x":-0.3909672498703003,"y":0.005807939451187849,"z":0.0024669074919074775,"w":0.9203830361366272},"size":24.915863037109376,"orthographic":false}