{"cameraMode":{"drawMode":0,"name":"Shaded","section":"Shading Mode"},"sceneLighting":false,"audioPlay":false,"sceneViewState":{"showFog":true,"showMaterialUpdate":false,"showSkybox":false,"showFlares":true,"showImageEffects":true,"showParticleSystems":true},"in2DMode":false,"pivot":{"x":-0.03800729662179947,"y":-0.031216762959957124,"z":-0.009593851864337922},"rotation":{"x":0.021077560260891916,"y":-0.9743468165397644,"z":0.1988387554883957,"w":0.10328207910060883},"size":3.405369281768799,"orthographic":false}