{"cameraMode":{"drawMode":0,"name":"Shaded","section":"Shading Mode"},"sceneLighting":false,"audioPlay":false,"sceneViewState":{"showFog":true,"showMaterialUpdate":false,"showSkybox":false,"showFlares":true,"showImageEffects":true,"showParticleSystems":true},"in2DMode":false,"pivot":{"x":0.5083925724029541,"y":2.177194118499756,"z":89.23577117919922},"rotation":{"x":0.11540423333644867,"y":0.05004441365599632,"z":-0.005821579601615667,"w":0.9920400977134705},"size":6.310521125793457,"orthographic":false}