{"cameraMode":{"drawMode":0,"name":"Shaded","section":"Shading Mode"},"sceneLighting":true,"audioPlay":false,"sceneViewState":{"showFog":true,"showMaterialUpdate":false,"showSkybox":true,"showFlares":true,"showImageEffects":true,"showParticleSystems":true},"in2DMode":false,"pivot":{"x":1.5158898830413819,"y":2.0463991165161135,"z":-0.10576571524143219},"rotation":{"x":0.13009904325008393,"y":0.07131827622652054,"z":-0.00938185304403305,"w":0.9888882040977478},"size":18.732589721679689,"orthographic":false}