{"cameraMode":{"drawMode":0,"name":"Shaded","section":"Shading Mode"},"sceneLighting":false,"audioPlay":false,"sceneViewState":{"showFog":true,"showMaterialUpdate":false,"showSkybox":false,"showFlares":true,"showImageEffects":true,"showParticleSystems":true},"in2DMode":false,"pivot":{"x":-4.588002681732178,"y":15.879840850830079,"z":3.042935371398926},"rotation":{"x":-0.3544696867465973,"y":0.015427574515342713,"z":0.0058492617681622509,"w":0.9349219799041748},"size":6.082849979400635,"orthographic":true}