{"cameraMode":{"drawMode":0,"name":"Shaded","section":"Shading Mode"},"sceneLighting":false,"audioPlay":false,"sceneViewState":{"showFog":true,"showMaterialUpdate":false,"showSkybox":false,"showFlares":true,"showImageEffects":true,"showParticleSystems":true},"in2DMode":false,"pivot":{"x":-0.03800729662179947,"y":-0.031216762959957124,"z":-0.009593851864337922},"rotation":{"x":0.010913864709436894,"y":-0.9783450961112976,"z":0.19965465366840363,"w":0.05347742885351181},"size":0.5960129499435425,"orthographic":false}