{"cameraMode":{"drawMode":0,"name":"Shaded","section":"Shading Mode"},"sceneLighting":false,"audioPlay":false,"sceneViewState":{"showFog":true,"showMaterialUpdate":false,"showSkybox":false,"showFlares":true,"showImageEffects":true,"showParticleSystems":true},"in2DMode":false,"pivot":{"x":0.0,"y":-0.40710291266441347,"z":0.1373034119606018},"rotation":{"x":-0.17515307664871217,"y":-0.8133037686347961,"z":0.30920735001564028,"w":-0.4607051610946655},"size":4.9754838943481449,"orthographic":false}